{
  "summary": {
    "mse": 0.5437613784114799,
    "rmse": 0.7374017754328233,
    "mae": 0.4561302292144839,
    "mean_correlation": -0.07078830671030197
  },
  "detailed_losses": {
    "mse": 0.5437613784114799,
    "rmse": 0.7374017754328233,
    "mae": 0.4561302292144839,
    "joint_mse": [
      0.009036722148707668,
      2.436390420919296,
      0.8872698716631886,
      0.36047559185349365,
      0.8421538750221202,
      0.004671461281758801,
      0.0022372002279196224,
      0.03213969775768598,
      1.790144646296196,
      0.3107948859685482,
      0.45375734733451417,
      0.46488524396715436,
      0.016928456084421867,
      0.0017738772357130729
    ],
    "joint_mae": [
      0.07664972437778488,
      1.2587757243047235,
      0.7735310314174058,
      0.49500666320382153,
      0.7482133047131356,
      0.05338918202905916,
      0.03023104965686798,
      0.15035416212340352,
      1.090016796020791,
      0.46048870899048777,
      0.5495762765291147,
      0.5648018002124445,
      0.11118327781150583,
      0.023605507612228394
    ],
    "timestep_mse": [
      0.003379809453228032,
      0.019314209848314924,
      0.0023134685310054726,
      0.0005826675357726012,
      0.005828998144257011,
      0.0023297192275223166,
      0.0038846270638035413,
      0.011505319620850126,
      0.006246072848903848,
      0.012541825284508645,
      0.018920834569027514,
      0.04630656239047445,
      0.08812391852113644,
      0.06361944119316187,
      0.12137625702700928,
      0.1322542985780449,
      0.19206634955333127,
      0.25954695348585943,
      0.313135204755112,
      0.3979104011239869,
      0.4274982944373816,
      0.5194455651626043,
      0.5597524456982944,
      0.6401639907228173,
      0.6846507384232629,
      0.819402705468767,
      0.9108465289355422,
      0.9978375894530177,
      1.0432560739262093,
      1.0810332244690766,
      1.1818099883744655,
      1.167919415042639,
      1.220247489405055,
      1.2448251546926667,
      1.2532198992363923,
      1.2723274531443196,
      1.2181985721176838,
      1.247885718687887,
      1.2636193862147322,
      1.2953279640910706
    ],
    "timestep_mae": [
      0.04562565464792507,
      0.10284761300603609,
      0.036207330557122726,
      0.01848204471752979,
      0.0668632627140531,
      0.03628156975277567,
      0.04926050693029538,
      0.0921603581934635,
      0.06742053405780878,
      0.08905946356909615,
      0.10402526575074132,
      0.18549965887463518,
      0.23387668960328614,
      0.19660708946841104,
      0.26080083903590484,
      0.2798110466849591,
      0.32747065457182806,
      0.3824266126113279,
      0.4214177840954757,
      0.4788672908076218,
      0.4796260063469942,
      0.5306911532700594,
      0.5578973721629674,
      0.5951383299792984,
      0.6213704061561397,
      0.6904622762813233,
      0.717242709893201,
      0.7418363348281544,
      0.7630586559867619,
      0.7804931522114202,
      0.8065341256255384,
      0.7956820974525597,
      0.8215468467762028,
      0.8367504601233772,
      0.8379836188396439,
      0.8405976999783888,
      0.8190047894770812,
      0.8525155400857329,
      0.8331234039339636,
      0.8486429195202488
    ],
    "correlations": [
      -0.2529707591958553,
      -0.13536388525368886,
      0.03275097598819043,
      -0.2151364201364432,
      -0.12041143238702963,
      0.02743458322168887,
      0.0,
      -0.24100939605234165,
      0.15184463198633802,
      -0.1344200375726118,
      -0.057553705375208875,
      0.020306987529360502,
      -0.06650783669662597,
      0.0
    ]
  }
}